{
  "tour_file": "tour250.csv",
  "timestamp": "20251227_230442",
  "best_fitness": 74026.17829438717,
  "best_tour": [
    0,
    121,
    33,
    210,
    45,
    52,
    94,
    76,
    168,
    192,
    135,
    175,
    231,
    2,
    208,
    79,
    106,
    194,
    51,
    13,
    32,
    181,
    22,
    131,
    240,
    104,
    229,
    110,
    31,
    20,
    238,
    211,
    230,
    91,
    169,
    167,
    113,
    218,
    130,
    69,
    47,
    139,
    88,
    221,
    23,
    166,
    144,
    207,
    176,
    3,
    213,
    74,
    48,
    87,
    30,
    200,
    195,
    193,
    107,
    111,
    187,
    37,
    170,
    235,
    122,
    46,
    112,
    80,
    54,
    142,
    183,
    234,
    199,
    179,
    159,
    152,
    8,
    108,
    242,
    127,
    27,
    34,
    239,
    28,
    10,
    155,
    83,
    124,
    67,
    180,
    244,
    82,
    36,
    59,
    71,
    103,
    19,
    222,
    114,
    50,
    53,
    86,
    147,
    66,
    118,
    182,
    249,
    224,
    115,
    158,
    98,
    153,
    41,
    68,
    55,
    188,
    178,
    93,
    101,
    198,
    204,
    245,
    227,
    172,
    145,
    125,
    186,
    117,
    11,
    236,
    128,
    44,
    150,
    35,
    56,
    72,
    162,
    17,
    226,
    146,
    177,
    85,
    12,
    189,
    9,
    100,
    21,
    109,
    38,
    105,
    39,
    157,
    96,
    143,
    29,
    61,
    209,
    25,
    16,
    248,
    92,
    185,
    232,
    205,
    58,
    116,
    90,
    214,
    228,
    151,
    24,
    123,
    18,
    64,
    216,
    171,
    191,
    206,
    60,
    190,
    217,
    247,
    7,
    163,
    75,
    4,
    164,
    57,
    203,
    84,
    65,
    156,
    102,
    62,
    63,
    137,
    220,
    99,
    184,
    212,
    149,
    89,
    237,
    95,
    243,
    15,
    40,
    81,
    134,
    225,
    219,
    160,
    173,
    165,
    14,
    202,
    77,
    174,
    133,
    141,
    1,
    197,
    97,
    49,
    138,
    129,
    233,
    140,
    201,
    215,
    126,
    42,
    26,
    136,
    154,
    70,
    148,
    246,
    73,
    43,
    223,
    5,
    132,
    196,
    161,
    119,
    120,
    241,
    78,
    6
  ],
  "generations": 1144,
  "metrics": {
    "history_time": [
      1.7348527908325195,
      3.4530422687530518,
      5.509526968002319,
      7.489976644515991,
      9.518846988677979,
      11.609192609786987,
      13.456892967224121,
      16.10409951210022,
      18.81800866127014,
      21.253836154937744,
      23.81866192817688,
      26.40958261489868,
      29.076650142669678,
      31.511688232421875,
      34.27578115463257,
      37.22825026512146,
      40.09981679916382,
      42.759533405303955,
      45.34404921531677,
      48.054625511169434,
      50.71405816078186,
      53.354517698287964,
      55.87897825241089,
      58.62206697463989,
      61.354233741760254,
      64.1438136100769,
      67.06169080734253,
      69.75951600074768,
      72.28492617607117,
      74.8001070022583,
      77.52585196495056,
      80.19821500778198,
      82.93662881851196,
      85.49833798408508,
      88.19387125968933,
      90.78659629821777,
      93.4008629322052,
      96.2394368648529,
      99.05499505996704,
      101.71194291114807,
      104.46274280548096,
      107.34732127189636,
      110.05217456817627,
      112.78475666046143,
      115.41046643257141,
      118.10487794876099,
      120.94537305831909,
      123.7428605556488,
      126.48704719543457,
      129.1757035255432,
      131.9227168560028,
      134.8159363269806,
      137.58161544799805,
      140.31242394447327,
      143.0408205986023,
      145.87800550460815,
      148.7073564529419,
      151.3749930858612,
      154.1687502861023,
      156.95455169677734,
      159.7153480052948,
      162.61194443702698,
      165.33034133911133,
      168.28446173667908,
      171.06663012504578,
      173.90328240394592,
      176.48943376541138,
      179.54720830917358,
      182.25673937797546,
      185.06211352348328,
      188.3552782535553,
      190.9539144039154,
      193.51923823356628,
      196.17909026145935,
      198.6563365459442,
      201.06660270690918,
      203.63701677322388,
      206.07068300247192,
      208.40602326393127,
      210.7345905303955,
      213.19072842597961,
      215.6468915939331,
      218.09379816055298,
      220.62360095977783,
      223.217955827713,
      225.66908264160156,
      228.1398150920868,
      230.62274360656738,
      233.11117839813232,
      235.64942622184753,
      238.29912781715393,
      240.91625690460205,
      243.50431895256042,
      246.10193848609924,
      248.73254323005676,
      251.18813157081604,
      253.99143242835999,
      256.89720821380615,
      259.6730246543884,
      262.2912073135376,
      265.02297496795654,
      268.0042827129364,
      270.71216654777527,
      273.35652446746826,
      275.8152928352356,
      278.18585228919983,
      280.74829053878784,
      283.2909016609192,
      285.86881256103516,
      288.4779179096222,
      290.95926880836487,
      293.5252277851105,
      295.9384517669678,
      298.65274000167847
    ],